movie_id,production_id
19995,289
19995,306
19995,444
19995,574
285,2
285,130
285,19936
206647,5
206647,10761
206647,69434
49026,923
49026,6194
49026,9993
49026,9996
49529,2
559,5
559,326
559,19551
38757,2
38757,6125
99861,420
99861,15357
99861,76043
767,6194
767,7364
209112,429
209112,507
209112,6194
209112,9993
209112,9995
209112,41624
1452,429
1452,923
1452,6194
1452,9168
10764,7576
58,2
58,130
58,19936
57201,2
57201,130
57201,2691
57201,37380
57201,37381
57201,37382
49521,923
49521,6194
49521,9993
49521,9996
49521,78685
2454,5888
2454,10221
2454,11345
2454,11440
2454,11441
2454,11442
2454,76043
24428,4
24428,420
1865,2
1865,130
1865,20478
41154,56
41154,5627
41154,6736
41154,9169
41154,11084
122917,11
122917,12
122917,174
122917,7413
122917,8411
1930,5
1930,326
1930,7505
20662,23
20662,33
20662,1645
20662,7295
57158,11
57158,12
57158,174
57158,8411
2268,12
2268,289
2268,1473
2268,1938
254,11
254,33
254,68
254,69
597,4
597,306
597,574
271110,264
271110,420
271110,3036
271110,84424
271110,84425
44833,33
44833,2598
44833,13778
44833,20153
135397,13
135397,56
135397,923
135397,3341
135397,6452
37724,5
558,5
558,326
558,19551
68721,420
12155,2
12155,598
12155,8601
12155,16314
12155,20004
36668,289
36668,306
36668,431
36668,444
36668,445
36668,9168
36668,12247
36668,19551
36668,79028
36668,79029
36668,79030
62211,2
62211,3
8373,4
8373,27
8373,56
8373,435
8373,2481
8373,22826
8373,76043
91314,4
91314,56
91314,435
91314,2481
91314,11413
91314,22826
91314,38833
91314,76043
68728,2
68728,16314
102382,5
102382,19551
102382,31828
102382,53462
20526,2
20526,7161
20526,18713
20526,23791
20526,76043
20526,76067
49013,2
49013,3
44912,2609
44912,6194
44912,9993
10193,2
10193,3
534,5
534,4021
534,4022
534,6194
168259,33
168259,333
168259,3341
168259,6452
168259,7154
168259,40890
168259,86352
168259,86655
168259,87857
168259,87858
72190,4
72190,3281
72190,6277
72190,9169
72190,11956
72190,19108
72190,23644
127585,306
127585,431
127585,7505
127585,9168
127585,22213
127585,37336
127585,76043
54138,4
54138,6277
54138,11461
54138,12536
81005,12
81005,333
81005,923
81005,6194
81005,8406
81005,9168
64682,79
64682,240
64682,6194
64682,11858
64682,14440
64682,14604
9543,2
9543,130
68726,923
68726,6194
68726,19750
68726,19751
38356,4
38356,435
38356,19751
38356,22826
217,1
217,4
105864,2
105864,3
62177,2
62177,3
188927,4
188927,11461
188927,34530
188927,69484
188927,82819
188927,83644
188927,83645
10681,2
10681,3
10681,93408
5174,12
14161,5
14161,347
14161,1557
14161,10905
17979,5888
17979,11395
76757,79
76757,444
76757,450
76757,6194
258489,79
258489,552
258489,2596
258489,41624
258489,46339
258489,86565
258489,86566
411,5888
411,10221
246655,306
246655,431
246655,7505
246655,9168
246655,22213
246655,78091
155,429
155,923
155,6194
155,9993
155,9996
14160,3
15512,521
1726,420
44826,4
44826,2691
44826,3281
8487,2507
8487,6194
8487,16774
8487,57088
1735,33
1735,2269
1735,7295
1735,11462
1735,19643
297761,429
297761,444
297761,507
297761,6194
297761,9993
2698,5
2698,33
2698,158
2698,159
2698,333
2698,4171
2698,7295
137113,79
137113,6194
137113,6687
137113,12200
137113,36390
137113,41624
9804,33
9804,1073
9804,1302
9804,6092
14869,4
14869,158
14869,435
14869,2598
14869,76067
150540,2
150540,3
278927,2
278927,3036
278927,7297
278927,20478
10138,420
58595,33
58595,16314
102651,2
102651,3036
102651,16314
119450,290
119450,7076
119450,22213
79698,7299
79698,8186
79698,8187
79698,8188
79698,76098
79698,76099
79698,76100
64686,2735
64686,4403
64686,6292
64686,20478
64686,20851
100402,420
10192,521
158852,2
158852,20656
158852,59778
177572,2
177572,6125
82690,6125
5255,1867
5255,4171
5255,11395
47933,306
47933,347
47933,22213
47933,86561
10191,521
10191,829
10191,20154
296,5
296,763
296,6194
296,7340
296,19116
296,23636
118340,420
118340,20478
118340,54850
118340,76043
157336,4
157336,923
157336,6194
157336,9996
157336,13769
27205,923
27205,6194
27205,9996
315011,5896
315011,49301
49051,11
49051,12
49051,174
49051,8411
9799,33
9799,333
9799,26281
9799,26282
4922,4
4922,6194
4922,7383
49538,289
49538,290
49538,306
49538,431
49538,444
49538,6332
49538,7505
49538,9168
49538,10893
131634,264
131634,1632
131634,5420
27022,2
27022,130
27022,831
27022,8000
27022,19097
503,449
503,1633
503,6194
503,14024
503,18990
503,19943
241259,2
241259,598
241259,8601
241259,16314
241259,37455
810,27
810,521
68735,33
68735,507
68735,923
68735,16028
87101,4
87101,13184
87101,82819
10140,444
10140,711
10140,10221
676,130
676,9195
1858,4
1858,27
1858,56
1858,435
1858,2481
1858,12247
1858,20011
1858,22826
1858,76043
1966,591
1966,763
1966,866
1966,4588
1966,6194
1966,10926
1966,19116
1966,54997
675,6194
675,7364
674,462
674,6194
674,7364
8960,5
8960,433
8960,675
8960,7295
8960,12485
8960,28064
8960,41756
6479,79
6479,333
6479,433
6479,6194
6479,7364
6479,12485
118,79
118,80
118,6194
118,8601
118,45778
118,55512
2062,2
2062,3
272,429
272,923
272,6194
272,9993
272,9996
272,19231
10527,521
18360,306
18360,436
18360,444
18360,2575
18360,10224
18360,20478
2080,289
2080,306
2080,431
2080,444
2080,9076
2080,9168
2080,10893
2080,19551
605,79
605,172
605,1885
605,6194
109445,2
109445,6125
604,79
604,172
604,375
604,1885
604,6194
76338,420
76341,79
76341,2537
76341,6194
13448,5
13448,23
13448,5561
13448,8253
10195,420
13053,6125
19585,2
19585,130
19585,3639
57165,923
57165,3528
57165,6194
57165,24175
57165,24176
62213,79
62213,2691
62213,3281
62213,6194
62213,8601
62213,9228
62213,20004
177677,4
177677,6277
177677,11413
177677,11461
177677,21777
177677,69484
177677,69485
7978,33
7978,4403
7978,7295
5559,520
5559,521
5559,1903
49444,521
10196,4
10196,2348
10196,7383
10196,8805
10196,12236
956,4
956,44
956,264
956,658
956,2269
956,14714
956,22102
117251,5
117251,347
117251,34981
117251,34982
50321,6125
11619,297
11619,521
266647,6194
266647,20478
266647,27711
266647,41624
82703,520
82703,521
82703,73951
82703,73952
652,81
652,6194
652,7636
652,18990
652,19107
652,19108
80321,521
36669,7576
43074,5
43074,79
43074,4607
43074,34034
43074,61791
43074,84041
43074,84042
95,130
95,9195
95,11533
608,5
608,56
608,441
608,49325
2310,4
2310,2265
2310,11395
2310,24955
140300,306
140300,521
140300,40890
140300,76266
56292,4
56292,6277
56292,11461
56292,21777
56292,76043
56292,76067
81188,521
7552,23
7552,441
7552,76714
616,44
616,6194
616,14718
616,20634
147441,1645
147441,7076
147441,20656
147441,52184
13475,4
13475,158
13475,11461
13475,23419
557,5
557,19551
82702,521
82702,20154
205584,491
205584,908
205584,3528
205584,72441
205584,88715
10048,326
10048,333
10048,441
10048,11317
10048,19523
13183,4
13183,429
13183,840
13183,923
13183,6194
13183,78685
944,1885
944,5739
944,6194
1927,33
1927,10565
1927,11533
1927,19551
72559,4
72559,435
72559,2598
72559,6277
72559,8411
72559,19719
7364,4
7364,2233
7364,2234
7364,2235
7364,2767
7364,4169
7364,12124
7364,12125
7364,12126
7364,19481
2114,5
2114,4164
2114,20033
1771,420
36643,7576
36643,8411
8619,33
8619,306
8619,9118
8619,53009
50620,491
50620,5219
50620,12292
65759,79
65759,6194
65759,28381
65759,28382
1724,33
1724,420
1724,11533
1724,25121
267935,2
267935,56
267935,7294
267935,7383
267935,10221
281957,508
281957,562
281957,8870
281957,10039
281957,10104
281957,13796
281957,28732
281957,52660
281957,77845
77950,521
44896,4
44896,2348
44896,3281
44896,10262
44896,24955
270946,521
2503,33
2503,862
2503,11347
2503,11348
2503,11349
9502,521
102899,420
101299,1632
101299,5420
228161,306
228161,521
74,4
74,27
74,44
74,56
8961,441
8961,10288
417859,7
27576,5
27576,435
27576,7295
27576,11845
86834,4
86834,508
86834,7503
86834,10256
17578,4
17578,5
17578,11
17578,56
17578,2348
17578,7383
17578,9169
673,436
673,437
673,6194
6972,240
6972,289
6972,306
6972,6332
6972,7888
82700,5
82700,12236
82700,12485
10567,2
10567,10217
181533,306
181533,436
181533,2575
181533,20478
181533,22213
38055,521
671,436
671,6194
671,7364
49524,33
49524,333
49524,552
22,2
22,130
131631,1632
131631,5420
591,5
591,23
591,8253
591,19927
172385,9383
172385,11749
36658,306
36658,431
36658,9168
36658,19551
36658,79026
36658,79027
51497,33
51497,333
51497,1225
58574,79
58574,1885
58574,2723
58574,6194
58574,23202
18823,80
18823,923
18823,3528
18823,6194
18823,20478
861,559
861,14723
861,80461
1911,9195
49040,33
49040,6452
49040,7295
49040,7383
49040,25716
415,1382
415,6194
8871,23
8871,33
435,35
435,306
435,347
435,11362
435,54502
955,4
955,44
955,51199
2133,6194
2133,16061
2133,18990
1979,289
1979,306
1979,436
1979,444
1979,5755
1979,10881
1979,19551
87827,289
87827,290
87827,444
87827,711
87827,10893
87827,13480
1250,441
1250,7295
1250,11370
1250,19551
1250,20241
1250,20475
1250,20476
324668,862
324668,25716
324668,29313
324668,31922
324668,83871
9471,5
9471,4022
9471,10239
9471,19813
70981,306
70981,444
70981,1645
70981,19747
10996,5
10996,5752
68724,559
68724,2531
68724,7431
68724,11029
68724,18209
68724,28788
68724,31076
2789,7154
2789,14718
97020,5
97020,655
97020,8411
7459,79
7459,264
7459,450
7459,1885
7459,6194
7459,12170
42888,5
42888,18
42888,2648
37834,84
37834,306
37834,444
37834,508
37834,21845
75612,33
75612,7076
75612,7295
75612,19647
75612,19648
1895,1
1894,1
585,2
585,3
76170,306
76170,431
76170,7505
76170,9168
76170,10893
76170,22213
1893,1
49519,521
2395,47
2395,356
2395,866
2395,1992
2395,1994
2395,1995
2395,1996
2395,5358
2395,8676
2395,9335
2395,11921
2395,20409
12100,2812
12100,8411
290595,33
290595,10338
290595,16314
98566,4
98566,2348
98566,2481
49047,6194
49047,7364
49047,7470
9619,33
9619,1280
308531,4
308531,2348
308531,2481
308531,47354
308531,77208
166424,306
166424,5374
166424,7505
166424,9078
166424,20478
166424,22213
166424,28788
1593,289
1593,306
1593,436
1593,2575
254128,12
254128,79
254128,6194
254128,34081
714,7576
2024,347
2024,441
2024,762
2024,9269
163,79
163,129
163,2596
163,6194
163,12202
787,433
787,491
787,508
787,1171
787,10104
262500,491
262500,10227
262500,14440
262500,24097
2567,14
2567,562
2567,675
2567,691
2567,6194
2567,7380
2567,19116
2567,54502
38745,306
38745,444
38745,1302
38745,6332
40805,333
40805,5752
40805,6733
53182,923
53182,2994
53182,2995
53182,6194
53182,7636
53182,78685
41513,5
41513,2251
41513,7311
13700,2
262504,491
262504,1632
262504,10227
262504,14440
39254,27
39254,2575
39254,7294
39254,9195
39254,11395
39254,12087
39254,76043
39254,76067
39254,76069
77931,5
77931,2251
77931,7311
77931,9169
77931,24097
1639,306
1639,35304
80274,491
80274,3200
80274,3263
80274,7296
80274,31825
80274,31826
1571,289
1571,306
1571,444
1571,890
1571,11845
120,11
120,12
120,5237
10204,264
10204,10221
10204,19481
10204,23636
10204,53413
10204,53414
10204,53416
8489,441
10588,23
10588,27
10588,33
2048,306
2048,415
2048,1302
2048,12485
2048,19354
2048,19355
1495,264
1495,306
1495,1645
1495,4169
1495,19477
1495,19478
1495,19479
1495,19480
1495,19482
1495,19483
10137,441
10137,5555
10137,58331
10198,2
10198,6125
286217,306
286217,1645
286217,2735
286217,6408
286217,22213
286217,28788
1635,27
1635,6194
1635,11084
24113,12
9679,130
9679,9195
98,27
98,33
98,1645
98,14440
98,21904
98,21905
98,21906
180,27
180,44
180,56
180,306
180,766
180,26265
180,76068
672,436
672,437
672,6194
36557,7576
36557,11345
36557,19481
869,306
869,8601
869,20004
280,574
280,1280
280,5358
280,14723
280,61409
11322,33
11322,562
11322,675
11322,6452
11322,7295
11322,11391
11322,11581
4982,23
4982,33
4982,1645
4982,7295
4982,8083
36955,306
36955,574
18487,5
18487,1423
18487,1645
18487,7295
18487,8411
39451,4
39451,33
39451,2242
39451,7295
39451,7852
39451,11391
27581,5
27581,4740
9268,824
9268,6194
68718,5
68718,308
10545,2
11688,2
11688,10217
76163,925
76163,10254
2059,2
2059,130
2059,831
2059,19097
2486,289
2486,306
2486,444
2486,445
2486,711
2486,1302
2486,2735
16523,79
16523,923
16523,4171
16523,5289
16523,6194
116711,9383
116711,11749
37710,5
37710,158
37710,682
37710,694
37710,3045
37710,3281
37710,14577
37710,21212
37710,23731
37710,23732
37710,23733
9946,919
1372,348
1372,430
1372,449
1372,705
1372,6194
1372,7380
1372,20938
106646,4
106646,562
106646,14654
106646,19177
106646,23243
414,6194
414,31080
563,559
563,9195
563,23434
83542,450
83542,1972
83542,7829
83542,10947
83542,11080
83542,11082
83542,11083
83542,19621
41216,79
41216,6194
41216,8089
41216,78685
314,79
314,813
314,6194
314,52945
314,52946
314,52947
184315,4
184315,8411
184315,19648
184315,34081
9016,2
9016,10217
18162,33
18162,748
18162,7295
18162,11916
138103,342
138103,925
138103,7571
138103,10254
138103,28384
138103,40822
257088,264
257088,1088
257088,10289
257088,70993
10214,12
10214,3012
205775,23
205775,705
205775,6194
205775,16314
205775,17888
205775,24175
205775,34401
205775,63571
11692,79
11692,97
11692,172
11692,54502
22972,33
22972,694
22972,6452
22972,7295
22972,10163
227973,9383
227973,11749
29193,16280
29193,21716
29193,65514
29193,65515
1734,33
1734,11462
1734,20242
3131,14
3131,7380
3131,7381
76758,724
76758,12205
76758,49512
9408,5
9408,2251
9890,4
9890,2609
9890,7293
855,130
855,497
855,1645
77953,2242
77953,4740
77953,6194
77953,36431
18,5
18,9
37786,12
37786,79
37786,3268
37786,7429
10501,27
10501,521
57800,9383
57800,11749
150689,2
150689,28788
150689,46339
150689,47706
7980,11
7980,27
7980,2300
7980,9349
7980,11843
7980,12248
12,3
122,11
122,12
121,11
121,12
121,5237
68737,923
68737,3528
68737,13444
68737,20478
68737,40112
68737,40890
1995,4
1995,657
1995,762
1995,840
1995,3324
1995,4650
1995,19105
157353,1088
157353,9996
157353,10289
157353,13403
331,13
331,56
61791,289
61791,290
61791,306
61791,444
61791,6332
61791,7076
61791,10893
8204,4
8204,862
47964,290
47964,306
47964,444
47964,2735
47964,10893
47964,12292
47964,22213
47964,34396
47964,34397
10733,23
10733,9195
9806,2
9806,3
1408,183
1408,415
1408,8411
1408,14723
32657,289
32657,436
32657,444
32657,711
32657,5219
32657,6332
32657,10893
32657,28431
607,56
607,441
607,49325
863,3
44048,306
44048,1645
44048,1838
44048,19776
44048,19777
5175,12
2655,27
2655,306
2655,11395
22794,5
22794,2251
8355,9383
8355,11749
116745,12
116745,290
116745,306
116745,9118
116745,10893
116745,12178
116745,22213
116745,37336
4327,5
1422,829
1422,5552
1422,6194
1422,7380
1422,45778
10674,2
10674,10217
7446,27
7446,11843
7446,12178
7446,12379
65754,5
65754,258
65754,8083
65754,8411
65754,33817
65754,47479
1572,306
1572,1504
10528,79
10528,1885
10528,6194
10528,19855
10528,23202
271969,4
271969,8411
271969,19857
271969,23920
10865,2
10865,10217
258509,508
258509,711
258509,5219
258509,10930
258509,22213
2253,60
2253,6100
2253,8411
2253,9168
10661,5
10661,2608
10661,3045
10661,7295
257344,5
257344,2608
644,27
644,56
644,385
644,6194
10756,2
10756,3538
10756,47122
686,6194
686,43910
9383,441
9383,9269
179,33
179,694
179,932
179,10163
179,11581
179,20194
76285,436
76285,444
76285,711
76285,5219
76285,6332
76285,22213
1996,4
1996,657
1996,762
1996,840
1996,3324
1996,14362
1996,19105
291805,491
291805,1632
291805,7296
291805,72441
10003,4
10003,2767
10003,11661
1535,33
1535,656
1535,657
1535,780
1535,919
1535,7385
2067,158
2067,3638
2067,9195
2067,22103
46195,9383
46195,11749
2277,415
2277,436
2277,441
2277,9195
2277,18990
10357,306
4477,5
8665,4
8665,763
8665,2471
8665,10104
8665,11371
8665,20344
9387,33
9387,10308
921,14
921,23
921,33
921,631
921,9195
49852,24013
49852,24014
49852,24015
49852,24016
4464,33
4464,158
4464,862
4464,7293
4464,9195
664,33
664,56
664,6194
664,23370
8358,27
8358,306
8358,4171
8358,11395
9836,2537
9836,8089
2502,33
2502,862
2502,7384
2502,11346
2502,11347
9772,441
9772,919
9772,18990
161,79
161,129
161,172
161,2596
161,6194
161,24939
52451,248
52451,264
52451,753
52451,939
52451,5755
76492,5
76492,2251
4523,2
4523,1894
4523,8908
4523,8909
59961,33
59961,6452
59961,7295
59961,13778
10481,2
10481,10472
59108,33
59108,3086
59108,7295
59108,12007
1581,5
1581,33
1581,735
1581,7295
9798,130
9798,1645
9798,9195
9798,79209
22897,33
22897,258
22897,735
22897,6452
22897,7295
298,79
298,129
298,2596
298,6194
7484,2251
157350,491
157350,14440
853,4
853,549
853,551
853,11358
853,22182
853,24136
853,24137
853,24138
10159,5
10159,33
10159,655
10159,10339
10159,11581
10159,90249
9593,441
9593,55528
1904,27
1904,158
1904,441
1904,780
9615,33
51052,5
51052,297
51052,2251
297,33
297,136
9884,496
9884,788
9884,6194
9884,43717
16858,306
16858,441
62764,7295
62764,11581
62764,12005
62764,12006
62764,12007
62764,12008
22538,33
22538,2527
9341,4
9341,496
9341,2199
9341,7161
9341,12213
9341,12214
12107,23
12107,33
9637,507
9637,748
9637,6194
49049,284
49049,6733
49049,7437
49049,46506
49049,46507
9339,333
9339,441
9339,497
9339,2608
16281,6194
16281,14179
16281,14180
39691,79
8247,444
8247,7384
8247,10104
11253,33
11253,552
11253,840
11253,2735
11253,7295
11253,21498
1949,4
1949,6194
1949,11317
8452,11317
310,33
310,158
310,159
310,160
27578,10254
954,4
954,44
70160,1632
70160,5420
45243,923
45243,2877
45243,3527
45243,6194
364,1382
364,6194
7518,520
7518,521
11544,2
11544,10217
9986,4
9986,7311
8656,4
8656,27
8656,1865
8656,2478
146216,429
146216,435
146216,491
146216,9993
9291,4
9291,441
9291,746
9291,2608
9291,60378
55301,711
109418,5
109418,2608
109418,7431
11665,79
11665,507
11665,748
11665,1757
11665,6194
11665,27352
11665,54502
11665,60378
6964,441
6964,735
6964,6194
11324,4
11324,562
11324,11317
11324,23243
12193,12
12193,158
12193,2308
12193,2795
12193,2796
9928,9383
9928,11749
754,4
754,455
754,456
754,458
754,9195
754,25358
10202,2
10202,2608
10202,3538
4147,27
4147,80
4147,306
50546,5
50546,2608
1701,130
1701,3589
1701,9195
1701,78338
1701,78339
13027,27
13027,7296
13027,11843
13027,20157
2289,14
2289,932
2289,1370
2289,2570
2289,10102
20504,1088
20504,1885
9574,2
9574,2173
11618,7
11618,1560
2300,3592
2300,8816
2300,55527
12096,5
12096,1507
12096,2364
12096,3929
12096,8411
10200,306
10200,6332
10200,20374
10200,20375
10200,36390
8834,1885
8834,6194
8834,23397
228150,5
228150,11029
228150,16312
228150,34034
228150,39649
228150,47169
6068,175
6068,961
6068,8816
6068,9195
41515,2609
41515,2785
41515,5219
41515,13481
41515,19045
9023,27
9023,521
38317,5
38317,2608
38317,3045
38317,8000
38317,8411
38317,46221
38317,46222
2157,12
2157,14024
2157,19902
2157,30253
14462,4
14462,258
14462,1274
161795,27584
161795,40955
161795,40956
159824,5
159824,2251
49948,2
2135,27
2135,6194
9822,2
9822,4361
9705,79
9705,172
9705,1885
9705,6194
9705,46458
1656,56
1656,441
12159,1382
9678,12
9678,1565
9678,2608
4442,308
4442,491
4442,507
4442,748
4442,1649
4442,7405
4442,8411
4442,76043
75,8601
330770,3307
330770,5358
330770,7395
330770,7792
330770,10611
330770,11199
330770,11921
330770,18367
330770,25818
330770,52184
330770,58659
330770,76444
330770,76445
330770,76446
330770,76447
9433,8769
19959,9195
19959,10227
19959,11845
19959,41978
11973,12
11973,335
11228,33
11228,1302
77951,3164
77951,6733
77951,8089
77951,8090
77951,8091
77951,53498
77951,53499
5491,1403
5491,6194
5491,7406
5491,10210
5491,19718
10715,430
10715,2785
10715,6194
10715,12006
10715,16061
10715,20734
10197,308
10197,7295
9562,4
9562,431
9562,762
9562,18619
9562,18620
9922,335
9922,6194
9447,2537
274854,491
274854,2995
274854,7154
274854,12006
274854,24097
274854,33832
274854,72441
8870,79
8870,172
8870,6194
8870,22351
8870,53997
9992,104
9992,854
9992,2525
9992,6896
36970,4959
36970,5358
36970,6586
36970,6735
36970,7454
36970,15671
36970,16804
36970,18367
36970,19267
36970,20346
36970,33250
36970,33251
36970,33252
36970,33253
36970,33254
36970,33255
10077,1171
10077,1403
10077,2234
10077,2755
10077,2978
10077,2979
10077,2980
10077,2981
10077,2982
10077,16850
10077,87847
10077,87848
10077,87849
10077,87850
10077,87851
10077,87852
76649,248
76649,559
76649,4253
76649,7263
76649,12162
293644,9965
293644,79433
453,23
453,27
453,33
8587,2
8587,10217
72545,12
72545,1836
72545,10221
109451,5
109451,649
9533,33
9533,8411
2023,877
2023,9195
2023,19477
71880,5
71880,2608
71880,8000
584,24
584,33
584,333
584,26281
309809,2203
309809,8858
309809,15433
309809,41042
309809,59725
309809,60658
4858,79
4858,829
4858,1885
4858,6194
17711,33
17711,594
17711,596
17711,11391
328111,33
328111,3341
328111,6452
328111,6704
8698,306
8698,475
8698,1507
8698,12087
8698,19352
93456,33
93456,6704
602,306
602,347
330,33
330,56
953,27
953,520
953,521
9693,33
9693,655
9693,11429
36657,306
36657,431
36657,9168
36657,19551
36657,22969
36657,22970
8909,33
8909,158
8909,1038
8909,2526
8909,2527
8909,2528
8909,7295
8909,23955
8909,76043
9802,915
9802,10288
950,9383
950,11749
1824,441
1824,2608
1824,10039
1824,19813
2976,12
2976,289
2976,2378
2976,70994
11026,10210
11026,36452
332,2
332,175
332,20477
75656,491
75656,7296
75656,23271
75656,23272
38365,5
38365,2608
38365,7295
594,27
594,56
594,11084
15189,27
15189,2348
11678,441
11678,9269
6538,33
6538,2030
6538,2031
10555,27
10555,520
10555,521
1125,4
1125,27
1125,415
4551,215
4551,216
4551,1693
4551,8411
612,27
612,33
612,56
612,682
612,803
612,7383
612,17032
9567,5
9567,497
9567,890
9567,13473
37821,817
37821,1632
37821,60022
203801,1302
203801,6194
203801,23202
203801,41624
2539,18
2539,441
9297,5
9297,56
9297,2251
9297,5752
9297,11395
3172,890
3172,1171
3172,1212
3172,8411
3172,13816
3172,16061
3172,52944
6520,441
6520,10158
1439,711
37958,8852
37958,11761
2026,14
2026,890
2026,2448
2026,11027
2026,26947
2026,26948
2026,26949
7450,306
7450,11050
7450,11231
11375,5
11375,497
9425,248
9425,2596
9425,6194
9425,10210
25769,838
25769,1785
25769,4482
25769,10059
23685,306
23685,436
23685,89626
11866,306
11866,1302
11866,49478
11866,54004
9741,3683
9741,9195
9741,12236
9741,17032
211672,33
211672,6704
23629,923
23629,6194
23629,22119
23629,78685
8688,4
8688,2519
8688,9195
8688,54502
10153,2154
10153,6194
10153,11407
10153,23370
153518,5
153518,18642
153518,30692
153518,50848
153518,91920
8676,2609
8676,6194
20829,5
20829,33
20829,2608
20829,7295
20829,10105
20829,11708
4349,33
4349,675
4349,7295
4349,7786
4349,12246
9718,5
9718,10105
10808,306
10808,1301
10808,1302
197,4564
197,7965
197,11353
25,33
25,1522
25,14440
25,19934
35,18
35,306
11086,79
11086,97
11086,172
11086,3982
10477,1171
10477,1403
10477,10107
10477,54502
1997,866
1997,3823
1997,5358
1997,7396
1997,19238
6947,258
6947,9195
6947,12236
3050,306
3050,1301
3050,1302
2675,7383
2675,9195
2675,12236
809,27
809,520
809,521
920,2
920,3
4806,4
4806,126
4806,9195
4806,10201
7451,5
7451,333
7451,497
228165,4
228165,2348
228165,4859
228165,8921
228165,10256
228165,24955
3595,9195
3595,90663
16869,33
16869,59
16869,308
16869,6817
16869,6818
879,56
879,559
1573,306
1573,1073
1573,1885
9257,333
9257,441
9257,11728
9257,20033
9257,20034
1903,4
1903,349
1903,485
9697,923
9697,6194
9697,12236
395,248
395,264
395,306
395,1302
395,11345
395,19747
395,19828
395,19829
395,19834
395,19835
395,76043
23398,508
23398,711
23398,10930
10590,4564
10590,53005
10590,53006
117263,925
117263,10254
200,4
44943,5
44943,333
44943,7295
587,5
587,80
587,2721
587,8601
10395,5
57212,27
57212,56
57212,7294
57212,7383
152760,5
152760,264
152760,711
152760,22695
152760,24970
2756,306
2756,574
2756,1280
33909,306
33909,444
33909,6332
33909,6455
49017,33
49017,923
49017,3341
49017,6452
49017,27551
9882,306
9882,13769
9882,20634
2270,4
2270,289
2270,435
2270,5374
2270,23420
978,559
978,1236
978,57435
978,57436
44564,23
44564,33
44564,158
44564,2796
3132,130
3132,9195
3132,11345
8814,435
8814,1512
8814,2539
8814,11345
8814,19481
8814,19922
8814,19923
8427,441
52520,126
52520,831
52520,3287
52520,7738
52520,7740
80585,12
80585,2378
80585,8871
80585,12139
10592,496
10592,890
10592,8411
10592,21447
49021,972
49021,2729
49021,3427
49021,6408
49021,10427
49021,11369
49021,11371
49021,11840
49021,11841
11535,507
11535,657
11535,748
11535,1484
11535,2216
11535,8411
10550,1171
10550,1403
10550,2755
10550,20033
10550,76491
10550,76492
11258,4
11258,657
11258,762
11258,1382
11258,4650
11258,7237
11258,23932
11258,48136
11258,55474
12610,1156
12610,2785
12610,6194
59981,22135
59981,48471
201088,33
201088,675
201088,923
5137,4
5137,804
5137,1668
5137,4753
5137,10671
5137,10672
3093,763
3093,4169
3093,7340
3093,19116
107846,491
107846,2995
107846,10405
107846,11761
107846,31832
107846,36212
107846,46961
188207,10254
4614,4
4614,2767
4614,21409
4614,21410
4614,54502
24021,491
24021,4000
24021,5218
24021,5219
24021,12292
11371,4
11371,551
11371,19552
20352,33
20352,6704
11517,5
214756,33
214756,8789
214756,13778
214756,44783
214756,86655
26428,784
26428,2674
26428,5444
26428,7636
26428,9335
26428,9974
26428,19927
9824,33
9824,552
9824,2484
48988,12
48988,1156
9008,158
9008,675
9008,8758
9008,8759
9008,9195
300673,2
300673,51164
300673,77739
300673,78217
12113,1645
12113,2609
12113,6194
38778,4
38778,27
38778,158
38778,2242
38778,6733
38778,11084
72331,306
72331,1038
72331,8601
72331,36430
72331,36431
1844,414
1844,508
846,306
846,545
9703,289
9703,6370
9703,10308
9703,16923
857,4
857,27
857,56
857,762
857,11362
136797,27
136797,7294
136797,8403
136797,9195
136797,34890
136797,76043
3981,4
3981,347
3981,4564
3981,8116
425,306
425,9383
425,11749
6171,79
6171,97
6171,172
6171,13040
6171,24939
72976,7
72976,56
72976,306
72976,444
72976,862
72976,6735
72976,7294
603,79
603,372
603,1885
603,6194
568,23
568,33
9021,2
9021,889
9021,12626
82695,33
82695,7295
82695,7923
82695,10163
9489,6194
12133,5
12133,748
12133,4740
12133,7295
12133,10105
9342,56
9342,559
41733,923
41733,3527
41733,6194
227306,923
227306,36390
227306,39443
5551,79
5551,171
5551,1757
5551,6194
5551,10566
5551,76068
9350,559
9350,5358
9350,14723
9350,23246
9350,45728
9350,45729
9208,306
9208,456
9208,11362
4244,2
1852,4
1852,215
1852,763
1852,20396
11820,5
11820,497
76493,4
345,194
345,195
345,385
345,6194
196867,5
196867,7291
196867,7431
196867,12485
196867,95063
256591,21914
256591,41624
256591,47586
59962,444
59962,907
59962,3929
36648,12
36648,421
36648,8851
36648,11321
36648,19551
36648,42209
1880,60
1880,774
9440,33
9440,762
71679,342
10483,33
10483,44
10483,248
10483,7295
10483,7419
10483,28121
11412,12
11412,2980
11412,21920
11983,97
11983,6194
6795,441
6795,2550
6795,11370
6795,14718
550,508
550,711
550,20555
550,54050
550,54051
550,54052
11170,923
11170,3528
11170,4022
11170,6194
9292,559
9292,1885
10783,4
10783,694
100241,126
100241,737
100241,1632
100241,13788
257,355
257,2979
257,6732
9947,306
9947,508
9947,1171
9947,10104
9947,19551
9947,19552
9947,19553
9947,19554
189,14
189,10807
189,11005
189,11006
189,13241
189,29076
189,41658
12618,5
253412,33
253412,10163
253412,10221
253412,10246
253412,40106
253412,62693
1427,342
1427,753
1427,1208
1427,2116
1427,2875
1427,5755
1427,7956
818,12
818,595
818,598
818,15888
818,52943
16577,308
16577,491
16577,3196
16577,3463
329,33
329,56
12160,335
12160,6194
12160,13040
12160,24217
9331,4
9331,2767
300168,3407
300168,19658
300168,36958
300168,39649
300168,69484
300168,74456
300168,74457
300168,74458
300168,74459
9072,497
9072,1608
3536,33
3536,104
3536,10308
9087,5
9087,97
12177,4
12177,11843
12177,15742
12138,1403
12138,6194
12138,10210
273248,215
273248,308
273248,1811
9955,7
50359,33
50359,6704
1271,449
1271,923
1271,2994
1271,2995
1271,6194
1271,7636
1271,78685
693,27
693,33
693,2242
693,11391
14306,5219
14306,6332
497,97
497,3982
497,6194
11199,6354
11199,9195
9982,2
9982,10217
210577,306
210577,508
210577,10104
210577,15829
210577,22213
210577,60682
2501,33
2501,7383
2501,7384
2501,7385
2501,11345
710,60
710,7576
2275,4
2275,21409
2275,25358
2275,38005
37165,4
37165,258
9837,27
9837,521
10708,5
10708,497
10708,1302
136400,13
136400,2527
136400,10405
136400,11030
10992,79
10992,172
10992,1757
10992,3169
10992,6194
10992,6363
9654,2609
9654,10163
2642,79
2642,97
2642,172
2642,4258
8916,27
8916,520
8916,521
19899,33
19899,2796
19899,4403
19899,7295
2119,4
2119,10288
9641,306
9641,2575
9641,87840
294254,3672
294254,12292
294254,22213
38167,5
38167,2455
38167,45778
5994,33
39514,429
39514,435
39514,491
39514,9993
9563,431
9563,4198
9563,6194
547,316
547,9195
1538,4
1538,27
1538,11084
1538,11463
9334,33
9334,7385
9334,7588
9334,11462
11128,877
11128,919
11128,9195
11128,10157
11128,53987
75780,4
75780,762
75780,6277
75780,21777
8914,79
8914,6194
8914,28438
8914,28439
13576,5
39538,215
39538,508
39538,6194
39538,6735
39538,6736
10628,97
10628,130
10628,6194
14836,10146
14836,11537
8645,158
8645,306
8645,444
8645,2320
8645,12236
9509,508
9509,711
9509,1171
9509,1645
9509,10104
10067,2
10067,10227
10067,12626
9384,433
9384,6194
9384,7405
9384,12178
9384,53610
9279,306
9279,436
1487,497
1487,552
1487,840
1487,21497
9422,4
9422,316
9422,9195
77174,10146
77174,11537
4824,33
4824,657
4824,762
4824,4650
4824,7237
4824,11462
4824,15278
4824,23932
4824,54502
9620,4
9620,27
9620,1302
9620,2812
9620,11567
9620,22536
9302,1504
9302,9195
10199,1163
10771,27
10771,49325
10771,67173
3512,508
3512,6194
3512,17825
3512,21480
3512,63906
137094,4
137094,435
137094,2767
137094,6277
137094,9341
137094,11250
274479,711
274479,1302
274479,13184
274479,22213
267860,10254
267860,73045
267860,73046
267860,74795
8078,306
8078,19747
7485,4
7485,435
7485,57421
170687,11537
6435,79
6435,813
6435,4258
6435,6194
6435,55474
137106,79
137106,429
137106,829
137106,2723
137106,2785
137106,4081
137106,6194
137106,8089
137106,25120
137106,41624
10040,79
10040,97
10040,4258
6278,80
6278,158
6278,7692
6278,9195
6278,22902
82682,79
82682,2723
82682,6194
82682,8057
17610,5
17610,7433
17610,10105
22954,158
22954,171
22954,906
22954,2767
22954,6194
22954,76466
16995,33
16995,694
16995,1683
16995,7295
16995,10163
16558,33
16558,5163
16558,7295
16558,27317
9849,2
5820,306
5820,444
5820,445
5820,508
5820,1171
5820,10104
5820,28537
5820,33433
16866,559
16866,5653
16866,12297
201,4
11775,23
11775,33
11775,2092
11775,6556
87825,171
87825,6194
12201,152
12201,288
12201,3281
12201,6194
11015,4
11015,33
11015,657
11015,762
11015,1280
11015,1382
11015,4650
11015,7237
11015,15278
9932,79
9932,172
9932,6194
9932,11391
9932,14719
9932,48638
13389,2053
13389,2831
13389,10254
13389,10405
13389,21543
8838,23
8838,33
17332,7
17332,33
17332,694
17332,6735
17332,8299
17332,10163
4958,27
4958,306
4958,316
4958,1171
4958,1755
786,5
786,485
786,7293
9513,306
9513,444
9513,1302
11679,333
11679,441
11679,497
38321,3287
38321,8931
38321,11250
38321,11370
38321,22641
14411,521
8413,4
8413,248
8413,2484
10052,33
10052,158
10052,159
10052,2605
10052,7385
10052,20352
9676,33
9676,342
9676,2982
9676,4700
9676,8769
9676,10254
9676,10885
9676,22443
9664,289
9664,3241
9664,6277
9664,6362
2100,27
10384,60
10384,8411
10384,20375
10384,23587
137321,79
137321,433
137321,6194
123553,5755
123553,22656
123553,60746
123553,60747
11260,306
11260,444
11260,508
11260,2645
11260,2646
11260,81136
9009,829
9009,9195
9009,49696
9009,49697
11374,23
11374,33
2309,12
2309,20360
8285,429
8285,1632
8285,3263
8285,5627
8285,7375
8285,7376
210860,1632
210860,1757
210860,36209
210860,39649
2312,1062
2312,1063
2312,1064
9839,551
9839,5521
9839,11728
9839,26107
9839,54502
381902,9175
13922,2253
13922,12552
293660,306
293660,7505
293660,11307
293660,22213
293660,78091
9713,175
9713,9195
190859,79
190859,171
190859,6194
190859,41624
190859,57408
190859,57409
257445,5
257445,79
257445,333
257445,2251
257445,7431
257445,30246
257445,34034
9007,27
9007,135
9007,384
889,33
889,56
1370,559
1370,14723
4942,33
4942,877
4942,19507
4942,22695
347969,2608
24438,5
24438,97
24438,7295
24438,45726
116741,306
116741,508
116741,2575
116741,2796
116741,22213
35791,248
35791,342
35791,5755
72431,1
72431,306
72431,22883
1813,508
1813,676
1813,824
1813,6194
1813,10104
1813,20555
87428,5
87428,2608
87428,7295
8840,33
10589,12
10589,1836
10589,1838
71676,5
71676,6736
71676,7505
71676,11106
71676,13816
71676,20241
71676,27551
1722,14
1722,33
10022,2
10022,158
11358,8411
11358,10227
11358,10339
11358,13816
11358,23938
11358,23940
13,4
6477,444
6477,508
6477,711
6477,10930
1597,27
1597,33
1597,11391
1597,41248
10530,2
10530,10217
1924,6194
1924,51861
1924,51862
9327,23
9327,33
8488,441
8488,12485
10603,2
10603,10227
8273,33
8273,3169
8273,7161
8273,52942
109424,5
35056,306
35056,444
35056,2575
8839,33
8839,56
8839,11098
156022,5
156022,79
156022,1423
156022,2767
156022,34034
156022,41096
7303,2455
8963,915
8963,10288
1402,441
1402,1423
1402,7295
1402,12485
9315,23
9315,9195
8984,6194
8984,11407
795,507
795,508
795,676
795,6194
795,20555
24,14
24,59
24,39121
11353,33
393,14
393,59
393,39121
9618,6194
9374,33
8584,158
8584,961
8584,9195
2320,1885
2320,6194
58224,306
58224,444
58224,1302
58224,6332
1729,877
1729,2269
1729,3393
1729,7295
175574,2787
175574,7295
8077,306
8077,19747
8818,915
8818,1504
8195,60
8195,2347
10586,457
10586,6033
116149,308
116149,694
116149,3823
116149,5358
116149,7364
116149,10611
116149,20664
116149,22123
116149,58773
80035,289
80035,290
80035,306
80035,444
80035,2575
80035,6332
80035,10893
80035,37336
10632,126
10632,11462
12117,158
12117,9195
1792,306
1792,1156
13260,12
13260,431
13260,748
13260,2648
72197,5
72197,297
72197,2251
3580,23
3580,171
3580,7295
12123,306
12123,2377
12123,20004
9566,559
9566,1236
9833,3539
9833,6194
9833,7419
9833,38504
4517,33
4517,694
4517,10163
8202,4
8202,126
8202,746
8202,6041
8202,11533
8202,11534
16072,174
16072,1765
16072,17462
34314,8411
34314,11661
19724,4
19724,435
19724,2348
19724,11843
19724,89562
145220,32
145220,6421
14623,5870
14623,10163
14623,12362
42297,348
2841,975
2841,1232
2841,3823
2841,5358
2841,6194
2841,11246
2841,12000
2841,18367
2841,20346
2841,76911
802,516
802,517
802,518
10375,33
36586,12
36586,421
36586,5611
36586,11321
36586,11322
36586,11323
36586,11324
36586,19551
11321,5
11321,1423
11321,7295
11321,12485
70074,1786
70074,3608
70074,7437
70074,7625
70074,12075
70074,14654
70074,20356
70074,25876
242,4
9621,4
9621,44
9621,485
9621,20157
1819,33
1819,11844
1819,59957
8536,6194
8536,51861
8536,51862
8046,136
8046,497
8046,877
1717,441
1717,1208
1717,7295
1717,11317
1717,23238
479,4
479,258
9444,306
9444,11231
9444,11232
9444,11233
9444,11234
824,240
824,306
11456,4
261023,2691
261023,5056
261023,10246
261023,40106
261023,41624
261023,47169
261023,50481
3683,27
3683,56
3683,171
3683,6194
22803,5257
22803,5802
22803,12180
285923,443
285923,6869
285923,7289
285923,7405
285923,10807
285923,15762
285923,15763
285923,15764
39437,3298
39437,9195
1950,79
1950,430
1950,812
1950,813
1950,6194
640,367
640,368
640,11084
97630,5
97630,13184
97630,20344
9767,33
9767,748
9767,2796
11631,33
11631,2655
11631,4171
11631,7295
11631,34441
32856,12
32856,4194
32856,60018
6519,79
6519,975
6519,6194
6519,12202
8741,711
8741,11317
8741,23660
49520,33
49520,333
49520,7295
49520,8406
1850,762
524,33
524,10898
524,11583
524,11584
26389,1076
26389,1115
26389,5358
26389,6586
26389,6877
26389,6896
26389,11261
26389,34774
11817,8411
2123,306
2123,1156
9907,4
9907,2348
9907,24955
9969,508
9969,10104
9969,18479
9969,89633
18239,491
18239,4000
18239,5218
18239,5219
18239,12292
808,27
808,520
808,521
38050,33
38050,2531
38050,6933
38050,11834
8367,6194
8367,10210
9390,18
9390,559
72105,33
72105,2531
72105,8789
2898,18
2898,559
10312,33
10312,369
10312,10230
10312,10231
109443,4
109443,4740
109443,10105
2022,12
2022,441
2022,879
2022,2608
37686,4
37686,56
37686,11461
37686,23300
462,216
9919,4
187017,5
187017,333
187017,2531
187017,8411
187017,9194
187017,34034
187017,34035
187017,34036
628,360
10201,79
10201,80
10201,437
10201,6194
302699,12
302699,33
302699,13778
302699,37845
9441,5
9441,436
274167,4
274167,4740
274167,19177
224141,2
224141,2527
224141,17021
388,23
388,33
388,4319
2112,4
2112,4564
10329,4
10329,7383
74465,306
74465,444
74465,485
74465,8518
13811,491
13811,908
13811,1423
13811,11843
13811,11844
13811,11845
6877,4
6877,258
6877,84423
10320,7
10320,6363
10320,49325
50646,6194
8920,306
8920,1302
8920,11749
13673,5
13673,436
13673,497
60308,5
60308,258
6950,824
6950,2154
6950,6194
6950,16775
225574,694
225574,1885
225574,3823
225574,5358
225574,20664
225574,22123
225574,26387
13836,2
13836,3538
752,264
752,429
752,449
752,450
752,1885
752,6194
752,7307
752,23889
6038,158
6038,9195
6038,58262
6038,58263
6038,58264
9975,23
9975,33
9975,5556
11451,2
11451,3929
12103,79
12103,172
12103,508
12103,824
12103,1171
12103,10104
12103,33433
60304,4
60304,264
60304,746
60304,4740
60304,8411
60304,11238
2251,508
2251,711
2251,1171
2251,58248
46529,27
46529,6733
46529,6734
46529,9195
231,129
231,6194
231,6735
231,7786
231,20665
231,20666
300671,4
300671,787
300671,6734
300671,19108
300671,19477
228326,306
228326,2787
228326,11749
228326,79031
9754,79
9754,3528
9754,6194
9754,10157
9754,10991
66,5
66,97
66,171
4421,175
4421,915
4421,1643
4421,1644
4421,1645
4421,1646
2649,1382
2649,1519
2649,10164
588,341
588,342
588,559
588,55914
10393,6194
71552,33
9631,508
9631,6194
216282,12
216282,79
216282,8000
216282,41624
306,4
306,30
928,56
928,6194
205587,79
205587,6194
205587,8406
205587,27467
6623,27
1577,248
1577,53530
9801,14
9801,33
9801,5870
9801,10163
9801,11357
9801,11358
2116,333
2116,966
2116,8411
9624,6194
14199,10807
1907,359
4599,9195
4599,10157
4599,10227
22832,264
22832,450
22832,923
22832,1786
22832,1885
22832,6194
22832,7307
22832,11238
22832,69582
10390,33
10390,10157
9879,5
9879,97
38579,306
44603,56
44603,171
44603,6194
44603,7383
11892,97
11892,6194
11892,23382
9691,1885
9691,5358
9691,6194
9691,10308
9691,23397
9691,25061
1248,289
1248,2979
1248,6370
1248,10308
1248,16923
1248,20394
1248,20395
12220,33
12220,97
72710,8073
72710,10427
72710,12075
72710,13649
10782,763
10782,25358
9573,171
9573,6194
4959,264
4959,507
4959,748
4959,1972
10061,4
10061,11661
10386,2785
421,9195
421,23449
316152,1163
316152,50481
316152,50482
11615,24
11615,33
11615,763
11615,831
11615,81128
13498,497
13498,788
241554,829
241554,18617
241554,41624
2252,288
2252,805
2252,806
2252,2743
2252,7419
2252,10146
2252,11550
2252,16880
2252,20244
11968,441
11968,551
11968,8411
10047,5
10047,9
38319,33
38319,4403
69668,8430
69668,10210
9770,6194
9770,16775
11212,306
10533,915
10533,1504
38363,1246
38363,6735
9923,12
9923,342
9923,656
9923,1645
9923,56181
11863,4
18501,126
18501,1632
109491,1088
109491,6194
109491,32184
109491,36390
9275,191
9275,1757
9275,6194
9275,6705
329833,258
329833,12178
12634,2265
12634,67989
12634,78070
10416,5
47327,491
47327,831
47327,925
47327,10254
47327,11370
15268,306
15268,1172
10796,5
10796,497
10796,48772
10796,93580
9548,306
9548,1885
18947,33
18947,5870
18947,10163
18947,12196
18947,12197
18947,12198
1900,987
1900,7380
1900,20634
1900,58333
1900,58334
89,1
89,4
96724,33
96724,10146
96724,10163
198184,5
198184,2531
198184,7431
198184,18209
198184,28788
198184,31076
198184,34034
198184,53638
9481,33
9481,441
4547,1685
4547,7795
6415,79
6415,507
6415,6194
6415,23689
6415,23690
6415,23691
181283,491
181283,1645
181283,9015
9896,4
9896,3857
9896,11462
167,763
167,840
167,1178
167,19116
11232,14
11232,85
1636,306
1636,508
1636,73949
2148,41
2148,427
2148,991
5176,84
5176,1632
5176,7295
5176,10880
260346,306
260346,1115
260346,5358
260346,6877
260346,6896
260346,10611
260346,11261
260346,22213
260346,87854
1389,33
1389,216
9894,441
7504,2257
8592,9195
913,597
913,8411
11091,5
1368,41
593,5120
593,77882
593,77883
5393,614
5393,1632
5393,1718
5393,46875
9095,559
9095,18737
8874,559
11467,5
11467,497
11467,1560
320,129
320,1088
320,1089
199,4
199,76068
20533,6194
10684,711
1624,23
1624,33
325789,68620
113464,8411
113464,46957
113464,46958
888,33
888,56
888,1353
82675,306
82675,1115
82675,5358
82675,6877
82675,6896
82675,10611
4256,7405
4256,10958
1493,79
1493,97
1493,172
1493,4258
88751,12
88751,10221
11130,2
9944,6194
10731,508
10731,644
10731,6194
7350,17049
7350,70994
7350,86256
9869,4
9869,2767
4379,12
4379,705
4379,6363
4379,12067
146233,1088
146233,12199
146233,18208
2034,79
2034,172
2034,6194
2034,19507
2034,24939
926,27
926,2605
4248,1607
4248,1608
4248,7405
4248,10958
64328,2
36647,12
36647,421
36647,11321
36647,19551
7214,4
7214,746
7214,2184
1537,4
9360,441
9360,3803
9360,11134
9360,16387
9360,55532
9360,55533
6282,130
6282,9195
508,33
508,284
508,694
508,10163
9487,2
9487,3
768,306
768,476
2636,2596
2636,6194
2636,11134
10478,508
10478,6194
27983,39856
27983,60537
9981,33
7453,158
7453,2242
7453,2243
7453,9195
15045,306
15045,1302
15045,89719
7737,248
7737,342
7737,5755
7737,58249
232672,2608
232672,4194
232672,6194
232672,20788
17379,4
8987,33
8987,496
8987,662
11359,4
11359,441
11359,862
82525,4198
82525,7295
82525,11802
9759,12
9486,33
9486,694
9906,4171
9906,6194
9906,84419
9906,89136
841,10308
4688,497
4688,598
4148,27
4148,258
4148,288
4148,1522
4148,1550
4148,11843
2207,431
2207,890
2207,1088
2207,4741
2207,10254
2207,10405
2207,10885
2207,10886
9381,694
9381,1115
9381,5358
9381,6301
9381,11259
9381,11260
9381,11261
9381,20240
9625,6194
9625,17825
9304,441
20856,306
20856,508
20856,1894
20856,3855
20856,3856
5955,1171
5955,1403
5955,10210
5955,12263
5955,12264
9899,34
9899,145
9826,4
9826,79
9826,7965
21355,5
21355,14
10858,915
10858,1504
11439,264
11439,265
11439,355
11439,15671
9457,915
9457,1504
9457,45518
12412,2683
12412,4319
12412,9195
12412,20341
1494,724
13184,449
13184,704
13184,831
13184,1507
13184,2779
13184,2877
13184,2878
2185,9195
6639,12
6639,2053
38153,915
38153,1504
58233,33
116977,4174
116977,6574
68734,3281
68734,6194
68734,22695
5503,6194
27573,5
27573,333
27573,7295
27573,12199
819,278
819,6194
819,11407
1369,559
1369,14723
9623,441
10895,6
10895,3166
10935,60
10935,10932
834,126
834,3287
228066,306
228066,1302
228066,20478
228066,22213
711,414
711,415
711,441
711,50830
10468,5
10027,104
10027,972
10027,2748
10027,3823
10027,6896
10027,66739
10027,66740
11812,85
37233,4
37233,932
37233,1302
37950,33
37950,2527
37950,7295
27582,5490
27582,10254
27582,12252
27582,22035
27582,22443
64688,5
64688,333
64688,5585
64688,7295
64688,8411
509,282
509,283
509,10163
509,31080
7443,27
7443,297
7443,521
7443,7981
5966,216
5966,53626
11066,4
136795,289
136795,290
136795,306
136795,7076
136795,10893
136795,22213
8095,306
8095,11451
8095,11452
87826,5
87826,2608
87826,8000
11560,306
11560,508
11560,966
11560,1171
11560,10104
11560,20719
25189,559
25189,11317
2637,126
18480,33
709,7576
49730,562
49730,6194
49730,7262
2749,12
2749,376
2749,11391
2749,67171
9607,915
9607,1504
9607,1755
9607,5888
9607,12288
1830,831
1830,1204
1830,1205
1830,1206
1830,1208
1830,21938
79,724
79,2269
54054,126
54054,737
228967,5
228967,16615
46528,2965
27936,83
27936,591
27936,7286
27936,11244
27936,11246
27936,11359
27936,11620
27936,12000
27936,12001
65,23
65,24
280391,4959
280391,8606
9476,441
9476,1423
9476,53007
9476,53008
10610,2877
10610,3320
10610,73998
745,158
745,862
745,915
745,17032
49527,491
49527,5955
73937,290
73937,444
73937,711
73937,812
73937,5219
73937,12178
1885,441
1885,2596
1885,4267
168672,5
168672,507
168672,13184
18240,9195
18240,10227
18240,12536
10398,4
165,33
165,56
165,20448
240832,33
240832,3823
240832,5358
240832,6896
240832,23616
216015,10146
216015,11801
216015,27551
12279,7405
1645,508
1645,6194
11007,306
11007,3929
193756,33
193756,433
193756,6666
193756,8536
193756,8537
193756,10405
193756,11030
193756,20153
193756,21897
193756,22610
193756,22611
11287,441
11287,1350
259693,12
259693,444
259693,11565
259693,31375
259693,47502
259693,54392
259693,76907
37799,5
37799,258
37799,7295
10184,12
10184,19813
10184,51190
4257,7405
4234,85
4234,1600
4234,7405
196,33
196,56
196,20448
257091,4740
257091,6194
6114,70
6114,441
6114,2019
24803,5
24803,258
24803,11804
109410,6194
1213,4
1213,14
1213,679
1213,932
100042,12
100042,33
100042,1156
100042,19177
9036,2
9036,158
9036,829
9036,7383
9036,10227
9036,20669
257211,735
257211,6194
323675,33
323675,2780
323675,49968
323675,83397
9361,10210
1677,33
1677,2233
1677,2234
1677,8833
187,7405
187,10807
187,53009
7461,5
7461,333
7461,4169
7461,7295
7461,31604
16538,2364
16538,2609
16538,3194
9889,306
820,523
820,524
820,525
820,6194
11565,306
11565,508
11565,1171
11565,1838
11565,2646
11565,10104
11565,47635
11565,73956
11565,79036
6073,27
6073,506
6073,2253
6073,55852
16996,12
16996,2378
193610,306
193610,75017
19912,12
19912,48788
19912,48792
296098,27
296098,56
296098,264
296098,711
296098,2527
296098,6735
296098,7294
296098,22213
8007,306
8007,1302
32823,33
32823,158
32823,7295
32823,10105
4380,14
11551,33
11551,56
11551,7293
10336,12
10336,3907
10336,23364
11362,158
11362,7692
11362,7693
11362,9195
50348,126
50348,737
50348,1632
48138,264
48138,694
48138,1786
48138,3823
48138,5358
48138,12408
48138,12409
1124,6194
1124,9195
1124,9996
227159,12
227159,6363
227159,28732
68179,2213
68179,5024
68179,7289
1579,152
1579,4564
1579,9195
